condition,severity,true_class,predicted_class,count
blur,3,clothes,shoes,131
blur,3,clothes,trash,91
blur,3,clothes,brown-glass,37
blur,3,plastic,white-glass,35
contrast,3,metal,plastic,32
blur,3,paper,battery,30
blur,3,paper,white-glass,28
blur,3,clothes,biological,26
blur,3,clothes,plastic,25
gaussian_noise,3,paper,cardboard,23
contrast,3,brown-glass,plastic,23
blur,3,clothes,white-glass,21
blur,3,clothes,cardboard,21
contrast,3,white-glass,plastic,20
blur,3,metal,battery,19
blur,3,metal,white-glass,18
contrast,3,brown-glass,white-glass,18
gaussian_noise,3,plastic,clothes,18
gaussian_noise,3,trash,plastic,16
gaussian_noise,3,trash,clothes,16
gaussian_noise,3,paper,clothes,15
gaussian_noise,3,metal,white-glass,14
blur,3,shoes,brown-glass,14
contrast,3,battery,plastic,14
contrast,3,green-glass,plastic,14
contrast,3,metal,white-glass,13
gaussian_noise,3,shoes,clothes,13
blur,3,clothes,battery,13
blur,3,biological,shoes,12
blur,3,metal,brown-glass,12
blur,3,paper,plastic,12
gaussian_noise,3,battery,paper,11
gaussian_noise,3,trash,white-glass,11
blur,3,paper,trash,11
gaussian_noise,3,plastic,paper,10
blur,3,cardboard,brown-glass,10
blur,3,paper,cardboard,10
blur,3,paper,metal,10
blur,3,biological,brown-glass,10
gaussian_noise,3,paper,white-glass,10
contrast,3,battery,paper,9
blur,3,clothes,metal,9
blur,3,plastic,battery,9
gaussian_noise,3,cardboard,paper,9
gaussian_noise,3,clothes,shoes,9
contrast,3,paper,plastic,9
contrast,3,cardboard,paper,8
gaussian_noise,3,metal,clothes,8
blur,3,plastic,trash,8
blur,3,trash,white-glass,8
blur,3,cardboard,battery,8
gaussian_noise,3,biological,clothes,8
gaussian_noise,3,green-glass,plastic,8
gaussian_noise,3,metal,plastic,7
gaussian_noise,3,trash,paper,7
contrast,3,clothes,shoes,7
gaussian_noise,3,white-glass,plastic,7
gaussian_noise,3,green-glass,white-glass,6
gaussian_noise,3,plastic,white-glass,6
blur,3,trash,plastic,6
blur,3,clothes,paper,6
contrast,3,battery,cardboard,6
gaussian_noise,3,battery,plastic,6
contrast,3,green-glass,white-glass,6
contrast,3,shoes,clothes,6
blur,3,shoes,plastic,5
blur,3,cardboard,white-glass,5
gaussian_noise,3,green-glass,brown-glass,5
gaussian_noise,3,green-glass,metal,5
gaussian_noise,3,plastic,cardboard,5
contrast,3,battery,metal,5
blur,3,trash,battery,5
blur,3,white-glass,plastic,5
contrast,3,plastic,white-glass,5
contrast,3,trash,plastic,5
blur,3,shoes,trash,5
blur,3,paper,shoes,4
blur,3,plastic,green-glass,4
blur,3,metal,plastic,4
blur,3,metal,shoes,4
gaussian_noise,3,plastic,metal,4
blur,3,plastic,brown-glass,4
blur,3,biological,battery,4
gaussian_noise,3,brown-glass,shoes,4
contrast,3,biological,trash,4
contrast,3,paper,cardboard,4
contrast,3,biological,plastic,4
gaussian_noise,3,white-glass,metal,4
contrast,3,shoes,plastic,4
contrast,3,biological,metal,3
contrast,3,plastic,paper,3
blur,3,clothes,green-glass,3
blur,3,trash,shoes,3
blur,3,plastic,shoes,3
contrast,3,cardboard,trash,3
contrast,3,cardboard,plastic,3
contrast,3,shoes,trash,3
blur,3,biological,metal,3
blur,3,brown-glass,biological,3
gaussian_noise,3,paper,plastic,3
gaussian_noise,3,trash,shoes,3
gaussian_noise,3,clothes,plastic,3
contrast,3,biological,clothes,3
contrast,3,clothes,trash,3
contrast,3,brown-glass,metal,2
contrast,3,green-glass,metal,2
contrast,3,paper,white-glass,2
contrast,3,plastic,cardboard,2
contrast,3,trash,white-glass,2
contrast,3,plastic,trash,2
blur,3,white-glass,trash,2
gaussian_noise,3,battery,brown-glass,2
blur,3,metal,trash,2
blur,3,cardboard,trash,2
blur,3,green-glass,battery,2
blur,3,white-glass,metal,2
gaussian_noise,3,battery,cardboard,2
blur,3,battery,trash,2
blur,3,biological,green-glass,2
blur,3,cardboard,paper,2
blur,3,cardboard,metal,2
gaussian_noise,3,white-glass,shoes,2
contrast,3,paper,trash,2
contrast,3,biological,paper,2
contrast,3,battery,trash,2
contrast,3,clothes,plastic,2
gaussian_noise,3,metal,shoes,2
gaussian_noise,3,trash,cardboard,2
gaussian_noise,3,paper,shoes,2
contrast,3,brown-glass,trash,2
contrast,3,biological,green-glass,2
gaussian_noise,3,cardboard,plastic,2
gaussian_noise,3,cardboard,clothes,2
gaussian_noise,3,metal,paper,2
gaussian_noise,3,biological,paper,2
gaussian_noise,3,biological,metal,2
gaussian_noise,3,brown-glass,cardboard,2
gaussian_noise,3,biological,shoes,2
gaussian_noise,3,brown-glass,white-glass,2
blur,3,paper,brown-glass,2
blur,3,shoes,green-glass,2
blur,3,shoes,battery,2
blur,3,biological,plastic,1
blur,3,biological,trash,1
blur,3,brown-glass,white-glass,1
blur,3,brown-glass,shoes,1
blur,3,brown-glass,trash,1
blur,3,white-glass,biological,1
blur,3,white-glass,battery,1
blur,3,white-glass,green-glass,1
blur,3,trash,biological,1
blur,3,plastic,metal,1
blur,3,plastic,paper,1
blur,3,shoes,biological,1
blur,3,shoes,clothes,1
blur,3,plastic,biological,1
blur,3,cardboard,plastic,1
blur,3,green-glass,brown-glass,1
blur,3,metal,biological,1
blur,3,metal,cardboard,1
blur,3,metal,green-glass,1
blur,3,green-glass,white-glass,1
blur,3,paper,green-glass,1
blur,3,battery,plastic,1
blur,3,battery,metal,1
blur,3,biological,cardboard,1
gaussian_noise,3,brown-glass,plastic,1
gaussian_noise,3,battery,clothes,1
gaussian_noise,3,battery,metal,1
gaussian_noise,3,battery,white-glass,1
gaussian_noise,3,biological,green-glass,1
gaussian_noise,3,brown-glass,metal,1
gaussian_noise,3,clothes,biological,1
gaussian_noise,3,brown-glass,biological,1
gaussian_noise,3,cardboard,battery,1
gaussian_noise,3,clothes,trash,1
gaussian_noise,3,green-glass,shoes,1
gaussian_noise,3,green-glass,trash,1
gaussian_noise,3,metal,cardboard,1
gaussian_noise,3,trash,brown-glass,1
gaussian_noise,3,trash,green-glass,1
gaussian_noise,3,shoes,white-glass,1
gaussian_noise,3,trash,biological,1
gaussian_noise,3,plastic,shoes,1
gaussian_noise,3,shoes,plastic,1
gaussian_noise,3,plastic,brown-glass,1
gaussian_noise,3,plastic,green-glass,1
gaussian_noise,3,paper,battery,1
gaussian_noise,3,plastic,biological,1
gaussian_noise,3,cardboard,brown-glass,1
gaussian_noise,3,white-glass,paper,1
gaussian_noise,3,white-glass,green-glass,1
contrast,3,biological,white-glass,1
contrast,3,brown-glass,shoes,1
contrast,3,battery,white-glass,1
contrast,3,clothes,paper,1
contrast,3,cardboard,brown-glass,1
contrast,3,brown-glass,green-glass,1
contrast,3,biological,shoes,1
contrast,3,brown-glass,cardboard,1
contrast,3,green-glass,brown-glass,1
contrast,3,metal,clothes,1
contrast,3,metal,paper,1
contrast,3,paper,metal,1
contrast,3,paper,battery,1
contrast,3,metal,shoes,1
contrast,3,plastic,brown-glass,1
contrast,3,shoes,cardboard,1
contrast,3,plastic,clothes,1
contrast,3,shoes,white-glass,1
contrast,3,white-glass,green-glass,1
