condition,severity,class,clean_accuracy,perturbed_accuracy,accuracy_drop,precision,recall,f1,support
blur,3,battery,0.9603174603174603,0.9682539682539683,-0.007936507936507908,0.5674418604651162,0.9682539682539683,0.7155425219941349,126
blur,3,biological,0.9941176470588236,0.8,0.1941176470588235,0.8,0.8,0.8,170
blur,3,brown-glass,0.9651162790697675,0.9302325581395349,0.03488372093023262,0.47058823529411764,0.9302325581395349,0.625,86
blur,3,cardboard,0.9459459459459459,0.7297297297297297,0.21621621621621623,0.7105263157894737,0.7297297297297297,0.72,111
blur,3,clothes,0.9901112484548825,0.5265760197775031,0.4635352286773794,0.9976580796252927,0.5265760197775031,0.6893203883495146,809
blur,3,green-glass,0.9252336448598131,0.9626168224299065,-0.03738317757009346,0.8803418803418803,0.9626168224299065,0.9196428571428571,107
blur,3,metal,0.9217391304347826,0.4608695652173913,0.4608695652173913,0.654320987654321,0.4608695652173913,0.5408163265306123,115
blur,3,paper,0.9297297297297298,0.41621621621621624,0.5135135135135136,0.8953488372093024,0.41621621621621624,0.5682656826568265,185
blur,3,plastic,0.875968992248062,0.4883720930232558,0.3875968992248062,0.5121951219512195,0.4883720930232558,0.5,129
blur,3,shoes,0.9826989619377162,0.8961937716262975,0.08650519031141868,0.6211031175059952,0.8961937716262975,0.7337110481586402,289
blur,3,trash,0.9279279279279279,0.7927927927927928,0.1351351351351351,0.4131455399061033,0.7927927927927928,0.5432098765432098,111
blur,3,white-glass,0.9,0.8666666666666667,0.033333333333333326,0.4,0.8666666666666667,0.5473684210526316,90
gaussian_noise,3,battery,0.9603174603174603,0.8095238095238095,0.1507936507936508,0.9807692307692307,0.8095238095238095,0.8869565217391304,126
gaussian_noise,3,biological,0.9941176470588236,0.9117647058823529,0.08235294117647063,0.9748427672955975,0.9117647058823529,0.9422492401215805,170
gaussian_noise,3,brown-glass,0.9651162790697675,0.872093023255814,0.09302325581395354,0.8823529411764706,0.872093023255814,0.8771929824561403,86
gaussian_noise,3,cardboard,0.9459459459459459,0.8648648648648649,0.08108108108108103,0.732824427480916,0.8648648648648649,0.7933884297520661,111
gaussian_noise,3,clothes,0.9901112484548825,0.9826946847960445,0.007416563658838027,0.9075342465753424,0.9826946847960445,0.9436201780415431,809
gaussian_noise,3,green-glass,0.9252336448598131,0.7570093457943925,0.16822429906542058,0.9529411764705882,0.7570093457943925,0.84375,107
gaussian_noise,3,metal,0.9217391304347826,0.7043478260869566,0.21739130434782605,0.826530612244898,0.7043478260869566,0.7605633802816901,115
gaussian_noise,3,paper,0.9297297297297298,0.7081081081081081,0.2216216216216217,0.7572254335260116,0.7081081081081081,0.7318435754189944,185
gaussian_noise,3,plastic,0.875968992248062,0.6356589147286822,0.24031007751937983,0.6029411764705882,0.6356589147286822,0.6188679245283019,129
gaussian_noise,3,shoes,0.9826989619377162,0.9480968858131488,0.03460207612456745,0.9133333333333333,0.9480968858131488,0.9303904923599321,289
gaussian_noise,3,trash,0.9279279279279279,0.4774774774774775,0.4504504504504504,0.9636363636363636,0.4774774774774775,0.6385542168674698,111
gaussian_noise,3,white-glass,0.9,0.8333333333333334,0.06666666666666665,0.5952380952380952,0.8333333333333334,0.6944444444444444,90
contrast,3,battery,0.9603174603174603,0.7063492063492064,0.25396825396825395,0.9888888888888889,0.7063492063492064,0.8240740740740741,126
contrast,3,biological,0.9941176470588236,0.8823529411764706,0.11176470588235299,1.0,0.8823529411764706,0.9375,170
contrast,3,brown-glass,0.9651162790697675,0.4418604651162791,0.5232558139534884,0.926829268292683,0.4418604651162791,0.5984251968503937,86
contrast,3,cardboard,0.9459459459459459,0.8648648648648649,0.08108108108108103,0.8727272727272727,0.8648648648648649,0.8687782805429864,111
contrast,3,clothes,0.9901112484548825,0.9839307787391842,0.0061804697156983,0.9863692688971499,0.9839307787391842,0.9851485148514851,809
contrast,3,green-glass,0.9252336448598131,0.7850467289719626,0.14018691588785048,0.9545454545454546,0.7850467289719626,0.8615384615384616,107
contrast,3,metal,0.9217391304347826,0.5826086956521739,0.33913043478260874,0.8375,0.5826086956521739,0.6871794871794872,115
contrast,3,paper,0.9297297297297298,0.8972972972972973,0.032432432432432434,0.8736842105263158,0.8972972972972973,0.8853333333333333,185
contrast,3,plastic,0.875968992248062,0.8914728682170543,-0.015503875968992276,0.46938775510204084,0.8914728682170543,0.6149732620320856,129
contrast,3,shoes,0.9826989619377162,0.9480968858131488,0.03460207612456745,0.9647887323943662,0.9480968858131488,0.956369982547993,289
contrast,3,trash,0.9279279279279279,0.9369369369369369,-0.009009009009009028,0.832,0.9369369369369369,0.8813559322033898,111
contrast,3,white-glass,0.9,0.7666666666666667,0.1333333333333333,0.5847457627118644,0.7666666666666667,0.6634615384615384,90
