condition,severity,accuracy,macro_f1,accuracy_drop,f1_drop,relative_accuracy_drop,relative_f1_drop,mean_confidence,transformation_time_seconds,evaluation_time_seconds,pixel_min,pixel_max
brightness,1,0.9566151202749141,0.9375489155334317,0.004295532646048095,0.005423084588516258,0.004470272686633869,0.005751055797855004,0.9753641486167908,1.5735225980001815,4.205252922999989,0.0,191.0
brightness,2,0.9501718213058419,0.9281174621321173,0.010738831615120348,0.014854537989830607,0.011175681716584788,0.015752894028570916,0.9680134057998657,0.9038704469999175,4.133191181999791,0.0,127.0
brightness,3,0.927405498281787,0.9006066129160133,0.03350515463917525,0.042365387205934635,0.03486812695574429,0.044927513436725394,0.9545674920082092,0.8437914000001001,4.152121268000428,0.0,76.0
contrast,1,0.9579037800687286,0.9380836796679923,0.0030068728522336663,0.004888320453955597,0.003129190880643708,0.0051839507995183574,0.9760532379150391,1.0765289490000214,4.065239576000295,2.0,254.0
contrast,2,0.9424398625429553,0.9130035519818295,0.018470790378006918,0.029968448140118453,0.01922217255252575,0.03178084623535253,0.9670938849449158,1.123704971999814,4.1573994719997245,5.0,254.0
contrast,3,0.8797250859106529,0.8136781719679357,0.08118556701030932,0.12929382815401225,0.08448815377738046,0.1371131148510153,0.9411954879760742,1.0455142249998062,4.032633325000006,7.0,253.0
gaussian_noise,1,0.9334192439862543,0.9077166280682137,0.027491408934707917,0.03525537205373419,0.028609745194456877,0.037387506786176965,0.9593157768249512,5.0934371619996455,4.328075737999825,0.0,255.0
gaussian_noise,2,0.9029209621993127,0.8661291054522248,0.0579896907216495,0.07684289466972316,0.06034868126955746,0.08149011281330264,0.9469375014305115,5.096660707999945,4.451025270999708,0.0,255.0
gaussian_noise,3,0.8612542955326461,0.8082054755085184,0.09965635738831613,0.13476652461342953,0.1037103263299061,0.14291678289069148,0.929565966129303,5.16998847800005,4.247509532000095,0.0,255.0
blur,1,0.9544673539518901,0.9360024179043456,0.006443298969072142,0.006969582217602355,0.006705409029950803,0.00739108077090415,0.972554087638855,2.7187382090000938,4.042995416999929,0.0,255.0
blur,2,0.8870274914089347,0.8605370800212441,0.07388316151202756,0.08243492010070386,0.07688869021010289,0.08742032646785178,0.9324293732643127,2.7942697400003453,4.239522687000317,0.0,255.0
blur,3,0.6731099656357389,0.6591220075339099,0.28780068728522334,0.283849992588038,0.2995082700044702,0.3010163531380886,0.8498278260231018,2.694015190999835,4.084684886999639,0.0,255.0
rotation,1,0.9531786941580757,0.9327628669601941,0.0077319587628865705,0.01020913316175387,0.008046490835940964,0.010826549632898532,0.9739100933074951,2.4651656529999855,4.037955663000048,0.0,255.0
rotation,2,0.9488831615120275,0.9243555473136388,0.012027491408934776,0.018616452808309147,0.012516763522574947,0.0197423176996789,0.9682080149650574,2.428719542000181,4.0584632959999,0.0,255.0
rotation,3,0.9394329896907216,0.9103644462587921,0.021477663230240585,0.032607553863155836,0.022351363433169458,0.034579556825588595,0.9641230702400208,2.4120025659999556,4.438727700000072,0.0,255.0
horizontal_flip,1,0.9600515463917526,0.941796997189118,0.0008591065292096189,0.001175002932829905,0.0008940545373267737,0.0012460634384456274,0.9780908823013306,0.7338481800002228,4.154912601999968,0.0,255.0
horizontal_flip,2,0.9600515463917526,0.941796997189118,0.0008591065292096189,0.001175002932829905,0.0008940545373267737,0.0012460634384456274,0.9780908823013306,0.7319182989999717,4.237026421999872,0.0,255.0
horizontal_flip,3,0.9600515463917526,0.941796997189118,0.0008591065292096189,0.001175002932829905,0.0008940545373267737,0.0012460634384456274,0.9780908823013306,0.888419690000319,5.070170968999719,0.0,255.0
downscale,1,0.9579037800687286,0.9402560942183507,0.0030068728522336663,0.002715905903597271,0.003129190880643708,0.0028801554057236506,0.9750869870185852,2.473857855999995,4.677144899000268,0.0,255.0
downscale,2,0.9445876288659794,0.9249712471203674,0.01632302405498287,0.01800075300158055,0.016987036209208817,0.01908938229263715,0.9637898206710815,2.235713962000318,4.783846670000003,0.0,255.0
downscale,3,0.8908934707903781,0.8614311891256384,0.07001718213058417,0.0815408109963095,0.07286544479213229,0.08647214443882151,0.9380338788032532,1.8905561579999812,4.698067068,0.0,255.0
jpeg,1,0.9583333333333334,0.9396914722443497,0.002577319587628857,0.0032805278775982494,0.002682163611980321,0.0034789239523273243,0.9751759171485901,1.9626833440001974,4.757491380999909,0.0,255.0
jpeg,2,0.9493127147766323,0.9273732941484645,0.011597938144329967,0.015598705973483451,0.012069736253911561,0.016542066966427613,0.969855785369873,1.8856366589998288,4.730027213000085,0.0,255.0
jpeg,3,0.9334192439862543,0.905973150871913,0.027491408934707917,0.03699884925003494,0.028609745194456877,0.03923642403512526,0.9606139659881592,1.7210294870001235,4.599444751999727,0.0,255.0
